<?xml version="1.0" encoding="utf-8"?><!DOCTYPE Test SYSTEM "http://www.ilias.uni-koeln.de/download/dtd/ilias_co.dtd"><!--Export of ILIAS Test Questionpool 334413 of installation .--><ContentObject Type="Questionpool_Test"><MetaData><General Structure="Hierarchical"><Identifier Catalog="ILIAS" Entry="il_11692_qpl_334413"/><Title Language="de">Fragenpool LA 03 - Arbeiten mit Leinen, Drahtseilen, Ketten, Rund- und Bandschlingen</Title><Language Language="de"/><Description Language="de"></Description><Keyword Language="de"></Keyword></General></MetaData><Settings><ShowTaxonomies>0</ShowTaxonomies><NavTaxonomy>0</NavTaxonomy><SkillService>0</SkillService></Settings><PageObject><PageContent PCID="9a844f679a6572a6bfc235c9f4fe6ae5"><MediaObject><MediaAlias OriginId="il_11692_mob_269134"/><MediaAliasItem Purpose="Standard"><Layout HorizontalAlign="LeftFloat"/></MediaAliasItem></MediaObject></PageContent><PageContent PCID="d8f2fbdb380679f7bc5f4c4e2648fb29"><Paragraph Language="de" Characteristic="Headline1">  Lernabschnitt 3 - Arbeiten mit Leinen, Drahtseilen, Ketten, Rund- und Bandschlingen</Paragraph></PageContent><PageContent PCID="1967a31d1448ccf5d82a080d334e54fc"><Question QRef="il_11692_qst_68023"/></PageContent></PageObject><PageObject><PageContent PCID="2877862b2ee1dbb4243d6bcc4b16464d"><MediaObject><MediaAlias OriginId="il_11692_mob_269134"/><MediaAliasItem Purpose="Standard"><Layout HorizontalAlign="LeftFloat"/></MediaAliasItem></MediaObject></PageContent><PageContent PCID="b9fa2f0221169d2042490eb1b4c85888"><Paragraph Language="de" Characteristic="Headline1">  Lernabschnitt 3 - Arbeiten mit Leinen, Drahtseilen, Ketten, Rund- und Bandschlingen</Paragraph></PageContent><PageContent PCID="78a7d56f1bfcc937f2d348a41b12b20e"><Question QRef="il_11692_qst_68024"/></PageContent></PageObject><PageObject><PageContent PCID="55736cf5e978a79886c94ec188329c48"><MediaObject><MediaAlias OriginId="il_11692_mob_269134"/><MediaAliasItem Purpose="Standard"><Layout HorizontalAlign="LeftFloat"/></MediaAliasItem></MediaObject></PageContent><PageContent PCID="d9ffe49518ff4b3dae6702ea26752b90"><Paragraph Language="de" Characteristic="Headline1">  Lernabschnitt 3 - Arbeiten mit Leinen, Drahtseilen, Ketten, Rund- und Bandschlingen</Paragraph></PageContent><PageContent PCID="e3007b840819d35ec71be9ad2a02f55e"><Question QRef="il_11692_qst_68025"/></PageContent></PageObject><PageObject><PageContent PCID="6ede63a2828900896f6010861e3ab90f"><MediaObject><MediaAlias OriginId="il_11692_mob_269134"/><MediaAliasItem Purpose="Standard"><Layout HorizontalAlign="LeftFloat"/></MediaAliasItem></MediaObject></PageContent><PageContent PCID="d4cd0fa1dd710ef14224b14c6d76e04b"><Paragraph Language="de" Characteristic="Headline1">  Lernabschnitt 3 - Arbeiten mit Leinen, Drahtseilen, Ketten, Rund- und Bandschlingen</Paragraph></PageContent><PageContent PCID="0025e07fffce5dbe40eb2431b2b4e6d8"><Question QRef="il_11692_qst_68026"/></PageContent></PageObject><PageObject><PageContent PCID="9b0284d28a4c5a3228c35dd21081aa45"><MediaObject><MediaAlias OriginId="il_11692_mob_269134"/><MediaAliasItem Purpose="Standard"><Layout HorizontalAlign="LeftFloat"/></MediaAliasItem></MediaObject></PageContent><PageContent PCID="f72a9d90952d32089043e188a1afa572"><Paragraph Language="de" Characteristic="Headline1">  Lernabschnitt 3 - Arbeiten mit Leinen, Drahtseilen, Ketten, Rund- und Bandschlingen</Paragraph></PageContent><PageContent PCID="dd8c1436bde875513b89205e9edbe587"><Question QRef="il_11692_qst_68027"/></PageContent></PageObject><PageObject><PageContent PCID="2c0317207ea43e0149808e8cda77dd24"><MediaObject><MediaAlias OriginId="il_11692_mob_269134"/><MediaAliasItem Purpose="Standard"><Layout HorizontalAlign="LeftFloat"/></MediaAliasItem></MediaObject></PageContent><PageContent PCID="85c75466725e999e52859e7504ef878f"><Paragraph Language="de" Characteristic="Headline1">  Lernabschnitt 3 - Arbeiten mit Leinen, Drahtseilen, Ketten, Rund- und Bandschlingen</Paragraph></PageContent><PageContent PCID="f2e6b125ffaeb6c5351b5ca69a1e9239"><Question QRef="il_11692_qst_68028"/></PageContent></PageObject><PageObject><PageContent PCID="ec5db0e790adfddc602d2b16da47d606"><MediaObject><MediaAlias OriginId="il_11692_mob_269134"/><MediaAliasItem Purpose="Standard"><Layout HorizontalAlign="LeftFloat"/></MediaAliasItem></MediaObject></PageContent><PageContent PCID="1b534fa8b028041164da516353a2f34f"><Paragraph Language="de" Characteristic="Headline1">  Lernabschnitt 3 - Arbeiten mit Leinen, Drahtseilen, Ketten, Rund- und Bandschlingen</Paragraph></PageContent><PageContent PCID="2a88f6cfebca645eace7bc7d456798df"><Question QRef="il_11692_qst_68029"/></PageContent></PageObject><PageObject><PageContent PCID="53068f4b598fd0c4c86247146b730807"><MediaObject><MediaAlias OriginId="il_11692_mob_269134"/><MediaAliasItem Purpose="Standard"><Layout HorizontalAlign="LeftFloat"/></MediaAliasItem></MediaObject></PageContent><PageContent PCID="afaaa0b17c081e369dd10e3f18fb8aff"><Paragraph Language="de" Characteristic="Headline1">  Lernabschnitt 3 - Arbeiten mit Leinen, Drahtseilen, Ketten, Rund- und Bandschlingen</Paragraph></PageContent><PageContent PCID="1ff13eb11f16bdcec2aeef7527a9849f"><Question QRef="il_11692_qst_68030"/></PageContent></PageObject><PageObject><PageContent PCID="2563c7f9f53697bfd341284167fad049"><MediaObject><MediaAlias OriginId="il_11692_mob_269134"/><MediaAliasItem Purpose="Standard"><Layout HorizontalAlign="LeftFloat"/></MediaAliasItem></MediaObject></PageContent><PageContent PCID="b46d5f849da1c242db01ffccfe29da98"><Paragraph Language="de" Characteristic="Headline1">  Lernabschnitt 3 - Arbeiten mit Leinen, Drahtseilen, Ketten, Rund- und Bandschlingen</Paragraph></PageContent><PageContent PCID="4b12ce69300f858d519d63aea5a62898"><Question QRef="il_11692_qst_68031"/></PageContent></PageObject><PageObject><PageContent PCID="816d4f643f114bcceb699efe852c51fb"><MediaObject><MediaAlias OriginId="il_11692_mob_269134"/><MediaAliasItem Purpose="Standard"><Layout HorizontalAlign="LeftFloat"/></MediaAliasItem></MediaObject></PageContent><PageContent PCID="3222f2e7b4b39f5a5f821119a37cbc80"><Paragraph Language="de" Characteristic="Headline1">  Lernabschnitt 3 - Arbeiten mit Leinen, Drahtseilen, Ketten, Rund- und Bandschlingen</Paragraph></PageContent><PageContent PCID="4d3aa20b12547a94ce57ec6c07a32b20"><Question QRef="il_11692_qst_68032"/></PageContent></PageObject><PageObject><PageContent PCID="5e1b9c918dba6d12848836dba75754b0"><MediaObject><MediaAlias OriginId="il_11692_mob_269134"/><MediaAliasItem Purpose="Standard"><Layout HorizontalAlign="LeftFloat"/></MediaAliasItem></MediaObject></PageContent><PageContent PCID="d01ef51a6988ad607101515c1bedb37f"><Paragraph Language="de" Characteristic="Headline1">  Lernabschnitt 3 - Arbeiten mit Leinen, Drahtseilen, Ketten, Rund- und Bandschlingen</Paragraph></PageContent><PageContent PCID="e40b4723ca9b3a5d67f81e55b086266a"><Question QRef="il_11692_qst_68033"/></PageContent></PageObject><PageObject><PageContent PCID="6fb8d4c908b89227183ada53bacea7fc"><MediaObject><MediaAlias OriginId="il_11692_mob_269134"/><MediaAliasItem Purpose="Standard"><Layout HorizontalAlign="LeftFloat"/></MediaAliasItem></MediaObject></PageContent><PageContent PCID="1d1f653d02a2abe92fb3e4d7a78496d5"><Paragraph Language="de" Characteristic="Headline1">  Lernabschnitt 3 - Arbeiten mit Leinen, Drahtseilen, Ketten, Rund- und Bandschlingen</Paragraph></PageContent><PageContent PCID="e572eb532ec20feedf915c7cde5a0e4f"><Question QRef="il_11692_qst_68034"/></PageContent></PageObject><PageObject><PageContent PCID="e965a98aa1b690bf464bc31216a40bfd"><MediaObject><MediaAlias OriginId="il_11692_mob_269134"/><MediaAliasItem Purpose="Standard"><Layout HorizontalAlign="LeftFloat"/></MediaAliasItem></MediaObject></PageContent><PageContent PCID="ce694ee1e1d128af0a643ec1c4771a16"><Paragraph Language="de" Characteristic="Headline1">  Lernabschnitt 3 - Arbeiten mit Leinen, Drahtseilen, Ketten, Rund- und Bandschlingen</Paragraph></PageContent><PageContent PCID="3414d145d82d7ed476cb64736acf9b07"><Question QRef="il_11692_qst_68035"/></PageContent></PageObject><PageObject><PageContent PCID="45ae96d0380702f7573de2e257399615"><MediaObject><MediaAlias OriginId="il_11692_mob_269134"/><MediaAliasItem Purpose="Standard"><Layout HorizontalAlign="LeftFloat"/></MediaAliasItem></MediaObject></PageContent><PageContent PCID="61137ae4a3757a44fe025fc4feb3c93f"><Paragraph Language="de" Characteristic="Headline1">  Lernabschnitt 3 - Arbeiten mit Leinen, Drahtseilen, Ketten, Rund- und Bandschlingen</Paragraph></PageContent><PageContent PCID="1602475a1147c7c711ecbecd0e557366"><Question QRef="il_11692_qst_68036"/></PageContent></PageObject><PageObject><PageContent PCID="bf96b66b1f0addd27f73d8ccd1b667ab"><MediaObject><MediaAlias OriginId="il_11692_mob_269134"/><MediaAliasItem Purpose="Standard"><Layout HorizontalAlign="LeftFloat"/></MediaAliasItem></MediaObject></PageContent><PageContent PCID="9cf0f45c55e14f4ccfc940b3fbe1d7ec"><Paragraph Language="de" Characteristic="Headline1">  Lernabschnitt 3 - Arbeiten mit Leinen, Drahtseilen, Ketten, Rund- und Bandschlingen</Paragraph></PageContent><PageContent PCID="b6aa8d595f4f88890d37c494da470891"><Question QRef="il_11692_qst_68037"/></PageContent></PageObject><PageObject><PageContent PCID="5e39300dae4ee318aba9dab34bb523d1"><MediaObject><MediaAlias OriginId="il_11692_mob_269134"/><MediaAliasItem Purpose="Standard"><Layout HorizontalAlign="LeftFloat"/></MediaAliasItem></MediaObject></PageContent><PageContent PCID="6f6b9967657139129b65a92b97546547"><Paragraph Language="de" Characteristic="Headline1">  Lernabschnitt 2 - Arbeitssicherheit und Gesundheitsschutz</Paragraph></PageContent><PageContent PCID="1845c95f070af74d2ddb8ed775759934"><Question QRef="il_11692_qst_68038"/></PageContent></PageObject><PageObject><PageContent PCID="651b19f13f91a3672698fa2e1b912136"><MediaObject><MediaAlias OriginId="il_11692_mob_269134"/><MediaAliasItem Purpose="Standard"><Layout HorizontalAlign="LeftFloat"/></MediaAliasItem></MediaObject></PageContent><PageContent PCID="06a2c08e951f7b7f21785cec905735b7"><Paragraph Language="de" Characteristic="Headline1">  Lernabschnitt 3 - Arbeiten mit Leinen, Drahtseilen, Ketten, Rund- und Bandschlingen</Paragraph></PageContent><PageContent PCID="6ff59c0105632bbbd948a25f40ea73e4"><Question QRef="il_11692_qst_94141"/></PageContent></PageObject><PageObject><PageContent PCID="c141a9510762d73569cbdaa2a894b92c"><MediaObject><MediaAlias OriginId="il_11692_mob_269134"/><MediaAliasItem Purpose="Standard"><Layout HorizontalAlign="LeftFloat"/></MediaAliasItem></MediaObject></PageContent><PageContent PCID="a96306da30e6f12753ba94ef5dfaeb2a"><Paragraph Language="de" Characteristic="Headline1">  Lernabschnitt 3 - Arbeiten mit Leinen, Drahtseilen, Ketten, Rund- und Bandschlingen</Paragraph></PageContent><PageContent PCID="f3c5d99ec4169e797f40ffb5768f4b3d"><Question QRef="il_11692_qst_94142"/></PageContent></PageObject><PageObject><PageContent PCID="5d1e081d40436b83037a3a772eae580e"><MediaObject><MediaAlias OriginId="il_11692_mob_269134"/><MediaAliasItem Purpose="Standard"><Layout HorizontalAlign="LeftFloat"/></MediaAliasItem></MediaObject></PageContent><PageContent PCID="57bba4efc3fb76c651ae0e569380f966"><Paragraph Language="de" Characteristic="Headline1">  Lernabschnitt 3 - Arbeiten mit Leinen, Drahtseilen, Ketten, Rund- und Bandschlingen</Paragraph></PageContent><PageContent PCID="7e1d5c799b62e619554ebe0bea79aff0"><Question QRef="il_11692_qst_94143"/></PageContent></PageObject><PageObject><PageContent PCID="016c8620350ea08e5255ba848c1cdb98"><MediaObject><MediaAlias OriginId="il_11692_mob_269134"/><MediaAliasItem Purpose="Standard"><Layout HorizontalAlign="LeftFloat"/></MediaAliasItem></MediaObject></PageContent><PageContent PCID="0dfb7a144f1192d6523aa3958a370860"><Paragraph Language="de" Characteristic="Headline1">  Lernabschnitt 3 - Arbeiten mit Leinen, Drahtseilen, Ketten, Rund- und Bandschlingen</Paragraph></PageContent><PageContent PCID="9e14d9c892f6c61c801f90068617875c"><Question QRef="il_11692_qst_94144"/></PageContent></PageObject><PageObject><PageContent PCID="9251ed56d9f4d683ca2b8d623ac11efe"><MediaObject><MediaAlias OriginId="il_11692_mob_269134"/><MediaAliasItem Purpose="Standard"><Layout HorizontalAlign="LeftFloat"/></MediaAliasItem></MediaObject></PageContent><PageContent PCID="b06b0f3be4fda393b04e5b385711011a"><Paragraph Language="de" Characteristic="Headline1">  Lernabschnitt 3 - Arbeiten mit Leinen, Drahtseilen, Ketten, Rund- und Bandschlingen</Paragraph></PageContent><PageContent PCID="9343b81bd05e1c1f0b0e29902fa274be"><Question QRef="il_11692_qst_94145"/></PageContent></PageObject><PageObject><PageContent PCID="551076b5cdca5f4dfdea20438c0805c9"><MediaObject><MediaAlias OriginId="il_11692_mob_269134"/><MediaAliasItem Purpose="Standard"><Layout HorizontalAlign="LeftFloat"/></MediaAliasItem></MediaObject></PageContent><PageContent PCID="a0112265039c271613e11ef2c7ba444a"><Paragraph Language="de" Characteristic="Headline1">  Lernabschnitt 3 - Arbeiten mit Leinen, Drahtseilen, Ketten, Rund- und Bandschlingen</Paragraph></PageContent><PageContent PCID="8a3e909bb36bcbe0d9396a81b44cd333"><Question QRef="il_11692_qst_94146"/></PageContent></PageObject><PageObject><PageContent PCID="ba989d7ee2ec15fb69609f024a210df3"><MediaObject><MediaAlias OriginId="il_11692_mob_269134"/><MediaAliasItem Purpose="Standard"><Layout HorizontalAlign="LeftFloat"/></MediaAliasItem></MediaObject></PageContent><PageContent PCID="17225f85bc216fa708c3b4d7fa1b4828"><Paragraph Language="de" Characteristic="Headline1">  Lernabschnitt 3 - Arbeiten mit Leinen, Drahtseilen, Ketten, Rund- und Bandschlingen</Paragraph></PageContent><PageContent PCID="230516eed06d0930e176a19f7e01eabc"><Question QRef="il_11692_qst_94147"/></PageContent></PageObject><MediaObject><MetaData><General Structure="Hierarchical"><Identifier Catalog="ILIAS" Entry="il_11692_mob_269134"/><Title Language="de">THW_svg.png</Title><Language Language="de"/><Description Language="de">image/png</Description><Keyword Language="de"/></General></MetaData><MediaItem Purpose="Standard"><Location Type="LocalFile">THW_svg_60_60.png</Location><Format>image/png</Format><Layout Width="60" Height="60" HorizontalAlign="Left" /></MediaItem></MediaObject><QuestionSkillAssignments><TriggerQuestion Id="68023"></TriggerQuestion><TriggerQuestion Id="68024"></TriggerQuestion><TriggerQuestion Id="68025"></TriggerQuestion><TriggerQuestion Id="68026"></TriggerQuestion><TriggerQuestion Id="68027"></TriggerQuestion><TriggerQuestion Id="68028"></TriggerQuestion><TriggerQuestion Id="68029"></TriggerQuestion><TriggerQuestion Id="68030"></TriggerQuestion><TriggerQuestion Id="68031"></TriggerQuestion><TriggerQuestion Id="68032"></TriggerQuestion><TriggerQuestion Id="68033"></TriggerQuestion><TriggerQuestion Id="68034"></TriggerQuestion><TriggerQuestion Id="68035"></TriggerQuestion><TriggerQuestion Id="68036"></TriggerQuestion><TriggerQuestion Id="68037"></TriggerQuestion><TriggerQuestion Id="68038"></TriggerQuestion><TriggerQuestion Id="94141"></TriggerQuestion><TriggerQuestion Id="94142"></TriggerQuestion><TriggerQuestion Id="94143"></TriggerQuestion><TriggerQuestion Id="94144"></TriggerQuestion><TriggerQuestion Id="94145"></TriggerQuestion><TriggerQuestion Id="94146"></TriggerQuestion><TriggerQuestion Id="94147"></TriggerQuestion></QuestionSkillAssignments></ContentObject>